"filename", "language", "HTML", "XML", "Python", "Markdown", "JavaScript", "PostCSS", "comment", "blank", "total"
"c:\Users\Thomas\pung-academy\README.md", "Markdown", 0, 0, 0, 172, 0, 0, 0, 46, 218
"c:\Users\Thomas\pung-academy\assets\icons\logo.svg", "XML", 0, 5, 0, 0, 0, 0, 0, 1, 6
"c:\Users\Thomas\pung-academy\assets\images\bryan.svg", "XML", 0, 13, 0, 0, 0, 0, 0, 1, 14
"c:\Users\Thomas\pung-academy\assets\images\elvin.svg", "XML", 0, 13, 0, 0, 0, 0, 0, 1, 14
"c:\Users\Thomas\pung-academy\assets\images\kevin.svg", "XML", 0, 13, 0, 0, 0, 0, 0, 1, 14
"c:\Users\Thomas\pung-academy\css\base\global.css", "PostCSS", 0, 0, 0, 0, 0, 45, 4, 9, 58
"c:\Users\Thomas\pung-academy\css\base\reset.css", "PostCSS", 0, 0, 0, 0, 0, 84, 7, 15, 106
"c:\Users\Thomas\pung-academy\css\base\variables.css", "PostCSS", 0, 0, 0, 0, 0, 42, 12, 10, 64
"c:\Users\Thomas\pung-academy\css\components\brand.css", "PostCSS", 0, 0, 0, 0, 0, 19, 3, 4, 26
"c:\Users\Thomas\pung-academy\css\components\buttons.css", "PostCSS", 0, 0, 0, 0, 0, 67, 4, 15, 86
"c:\Users\Thomas\pung-academy\css\components\callouts.css", "PostCSS", 0, 0, 0, 0, 0, 54, 5, 11, 70
"c:\Users\Thomas\pung-academy\css\components\cards.css", "PostCSS", 0, 0, 0, 0, 0, 166, 6, 32, 204
"c:\Users\Thomas\pung-academy\css\components\chapter-row.css", "PostCSS", 0, 0, 0, 0, 0, 135, 9, 23, 167
"c:\Users\Thomas\pung-academy\css\components\code-block.css", "PostCSS", 0, 0, 0, 0, 0, 57, 6, 8, 71
"c:\Users\Thomas\pung-academy\css\components\code-editor.css", "PostCSS", 0, 0, 0, 0, 0, 60, 4, 9, 73
"c:\Users\Thomas\pung-academy\css\components\course-node.css", "PostCSS", 0, 0, 0, 0, 0, 241, 14, 39, 294
"c:\Users\Thomas\pung-academy\css\components\cta.css", "PostCSS", 0, 0, 0, 0, 0, 21, 3, 5, 29
"c:\Users\Thomas\pung-academy\css\components\feedback.css", "PostCSS", 0, 0, 0, 0, 0, 53, 5, 11, 69
"c:\Users\Thomas\pung-academy\css\components\footer.css", "PostCSS", 0, 0, 0, 0, 0, 52, 3, 11, 66
"c:\Users\Thomas\pung-academy\css\components\forms.css", "PostCSS", 0, 0, 0, 0, 0, 120, 6, 24, 150
"c:\Users\Thomas\pung-academy\css\components\navbar.css", "PostCSS", 0, 0, 0, 0, 0, 78, 5, 14, 97
"c:\Users\Thomas\pung-academy\css\components\progress.css", "PostCSS", 0, 0, 0, 0, 0, 27, 6, 5, 38
"c:\Users\Thomas\pung-academy\css\components\video.css", "PostCSS", 0, 0, 0, 0, 0, 50, 4, 8, 62
"c:\Users\Thomas\pung-academy\css\pages\about.css", "PostCSS", 0, 0, 0, 0, 0, 130, 8, 26, 164
"c:\Users\Thomas\pung-academy\css\pages\auth.css", "PostCSS", 0, 0, 0, 0, 0, 98, 5, 18, 121
"c:\Users\Thomas\pung-academy\css\pages\coming-soon.css", "PostCSS", 0, 0, 0, 0, 0, 19, 4, 5, 28
"c:\Users\Thomas\pung-academy\css\pages\course-overview.css", "PostCSS", 0, 0, 0, 0, 0, 50, 7, 10, 67
"c:\Users\Thomas\pung-academy\css\pages\course-tree.css", "PostCSS", 0, 0, 0, 0, 0, 16, 4, 5, 25
"c:\Users\Thomas\pung-academy\css\pages\landing.css", "PostCSS", 0, 0, 0, 0, 0, 150, 5, 24, 179
"c:\Users\Thomas\pung-academy\css\pages\lesson.css", "PostCSS", 0, 0, 0, 0, 0, 277, 11, 53, 341
"c:\Users\Thomas\pung-academy\css\pages\team\bryan.css", "PostCSS", 0, 0, 0, 0, 0, 258, 14, 43, 315
"c:\Users\Thomas\pung-academy\css\pages\team\elvin.css", "PostCSS", 0, 0, 0, 0, 0, 315, 12, 52, 379
"c:\Users\Thomas\pung-academy\css\pages\team\kevin.css", "PostCSS", 0, 0, 0, 0, 0, 273, 12, 47, 332
"c:\Users\Thomas\pung-academy\css\pages\team\thomas.css", "PostCSS", 0, 0, 0, 0, 0, 278, 15, 49, 342
"c:\Users\Thomas\pung-academy\index.html", "HTML", 343, 0, 0, 0, 0, 0, 7, 22, 372
"c:\Users\Thomas\pung-academy\js\config\courseData.js", "JavaScript", 0, 0, 0, 0, 430, 0, 10, 15, 455
"c:\Users\Thomas\pung-academy\js\controllers\AuthController.js", "JavaScript", 0, 0, 0, 0, 52, 0, 7, 15, 74
"c:\Users\Thomas\pung-academy\js\controllers\CourseController.js", "JavaScript", 0, 0, 0, 0, 48, 0, 8, 11, 67
"c:\Users\Thomas\pung-academy\js\controllers\LessonController.js", "JavaScript", 0, 0, 0, 0, 145, 0, 18, 29, 192
"c:\Users\Thomas\pung-academy\js\models\CourseProgressModel.js", "JavaScript", 0, 0, 0, 0, 107, 0, 26, 27, 160
"c:\Users\Thomas\pung-academy\js\models\UserModel.js", "JavaScript", 0, 0, 0, 0, 91, 0, 19, 26, 136
"c:\Users\Thomas\pung-academy\js\pages\_shared.js", "JavaScript", 0, 0, 0, 0, 41, 0, 14, 9, 64
"c:\Users\Thomas\pung-academy\js\pages\about-us.js", "JavaScript", 0, 0, 0, 0, 4, 0, 1, 2, 7
"c:\Users\Thomas\pung-academy\js\pages\coming-soon.js", "JavaScript", 0, 0, 0, 0, 4, 0, 1, 2, 7
"c:\Users\Thomas\pung-academy\js\pages\course-overview.js", "JavaScript", 0, 0, 0, 0, 5, 0, 1, 2, 8
"c:\Users\Thomas\pung-academy\js\pages\course-tree.js", "JavaScript", 0, 0, 0, 0, 5, 0, 1, 2, 8
"c:\Users\Thomas\pung-academy\js\pages\landing.js", "JavaScript", 0, 0, 0, 0, 4, 0, 1, 2, 7
"c:\Users\Thomas\pung-academy\js\pages\lesson.js", "JavaScript", 0, 0, 0, 0, 5, 0, 1, 2, 8
"c:\Users\Thomas\pung-academy\js\pages\login.js", "JavaScript", 0, 0, 0, 0, 5, 0, 1, 2, 8
"c:\Users\Thomas\pung-academy\js\pages\signup.js", "JavaScript", 0, 0, 0, 0, 5, 0, 1, 2, 8
"c:\Users\Thomas\pung-academy\js\pages\team.js", "JavaScript", 0, 0, 0, 0, 13, 0, 1, 2, 16
"c:\Users\Thomas\pung-academy\js\services\PathService.js", "JavaScript", 0, 0, 0, 0, 27, 0, 16, 7, 50
"c:\Users\Thomas\pung-academy\js\services\StorageService.js", "JavaScript", 0, 0, 0, 0, 31, 0, 17, 7, 55
"c:\Users\Thomas\pung-academy\js\services\ValidationService.js", "JavaScript", 0, 0, 0, 0, 31, 0, 12, 10, 53
"c:\Users\Thomas\pung-academy\js\views\AuthView.js", "JavaScript", 0, 0, 0, 0, 56, 0, 9, 13, 78
"c:\Users\Thomas\pung-academy\js\views\CourseOverviewView.js", "JavaScript", 0, 0, 0, 0, 111, 0, 11, 25, 147
"c:\Users\Thomas\pung-academy\js\views\CourseTreeView.js", "JavaScript", 0, 0, 0, 0, 74, 0, 7, 18, 99
"c:\Users\Thomas\pung-academy\js\views\LessonView.js", "JavaScript", 0, 0, 0, 0, 365, 0, 25, 70, 460
"c:\Users\Thomas\pung-academy\js\views\SiteChromeView.js", "JavaScript", 0, 0, 0, 0, 134, 0, 17, 20, 171
"c:\Users\Thomas\pung-academy\pages\about-us.html", "HTML", 215, 0, 0, 0, 0, 0, 4, 17, 236
"c:\Users\Thomas\pung-academy\pages\coming-soon.html", "HTML", 75, 0, 0, 0, 0, 0, 0, 5, 80
"c:\Users\Thomas\pung-academy\pages\course-tree.html", "HTML", 172, 0, 0, 0, 0, 0, 7, 17, 196
"c:\Users\Thomas\pung-academy\pages\courses\introduction-to-programming.html", "HTML", 120, 0, 0, 0, 0, 0, 3, 10, 133
"c:\Users\Thomas\pung-academy\pages\courses\introduction\lesson-1.html", "HTML", 306, 0, 0, 0, 0, 0, 5, 46, 357
"c:\Users\Thomas\pung-academy\pages\courses\introduction\lesson-10.html", "HTML", 363, 0, 0, 0, 0, 0, 5, 74, 442
"c:\Users\Thomas\pung-academy\pages\courses\introduction\lesson-2.html", "HTML", 320, 0, 0, 0, 0, 0, 5, 52, 377
"c:\Users\Thomas\pung-academy\pages\courses\introduction\lesson-3.html", "HTML", 398, 0, 0, 0, 0, 0, 5, 84, 487
"c:\Users\Thomas\pung-academy\pages\courses\introduction\lesson-4.html", "HTML", 322, 0, 0, 0, 0, 0, 5, 69, 396
"c:\Users\Thomas\pung-academy\pages\courses\introduction\lesson-5.html", "HTML", 337, 0, 0, 0, 0, 0, 5, 68, 410
"c:\Users\Thomas\pung-academy\pages\courses\introduction\lesson-6.html", "HTML", 341, 0, 0, 0, 0, 0, 5, 72, 418
"c:\Users\Thomas\pung-academy\pages\courses\introduction\lesson-7.html", "HTML", 354, 0, 0, 0, 0, 0, 5, 91, 450
"c:\Users\Thomas\pung-academy\pages\courses\introduction\lesson-8.html", "HTML", 354, 0, 0, 0, 0, 0, 5, 81, 440
"c:\Users\Thomas\pung-academy\pages\courses\introduction\lesson-9.html", "HTML", 395, 0, 0, 0, 0, 0, 5, 68, 468
"c:\Users\Thomas\pung-academy\pages\login.html", "HTML", 142, 0, 0, 0, 0, 0, 2, 11, 155
"c:\Users\Thomas\pung-academy\pages\signup.html", "HTML", 189, 0, 0, 0, 0, 0, 2, 13, 204
"c:\Users\Thomas\pung-academy\pages\team\bryan.html", "HTML", 150, 0, 0, 0, 0, 0, 4, 15, 169
"c:\Users\Thomas\pung-academy\pages\team\elvin.html", "HTML", 186, 0, 0, 0, 0, 0, 5, 15, 206
"c:\Users\Thomas\pung-academy\pages\team\kevin.html", "HTML", 147, 0, 0, 0, 0, 0, 5, 11, 163
"c:\Users\Thomas\pung-academy\pages\team\thomas.html", "HTML", 149, 0, 0, 0, 0, 0, 5, 16, 170
"c:\Users\Thomas\pung-academy\tools\check-paths.py", "Python", 0, 0, 58, 0, 0, 0, 12, 18, 88
"Total", "-", 5378, 44, 58, 172, 1793, 3235, 534, 1830, 13044